ID,First Name,Last Name,Gender,Age,Salary,DOB,Education,Occupation
1000,Owen,Craig,Male,18,5434,02/05/81,Master,Medic
1001,Valeria,Richards,Female,29,3768,29/08/1976,Doctoral,Composer
1002,Kimberly,Douglas,Female,22,869,02/06/81,Master,Salesman
1003,Audrey,Campbell,Female,30,6928,29/08/1977,Master,Veterinarian
1004,Jordan,Kelly,Male,18,623,02/07/81,Bachelor,Insurer
1005,Fenton,Perkins,Male,20,9036,29/08/1978,Bachelor,Carpenter
1006,Audrey,Cunningham,Female,24,8880,02/06/81,Primary,Economist
1007,Jordan,Hill,Male,24,7840,29/08/1977,Lower secondary,Interior Designer
1008,Miller,Rogers,Male,18,3844,02/07/81,Lower secondary,Cook
1009,Alissa,Armstrong,Female,27,2626,29/08/1978,Doctoral,Programmer
1010,Andrew,Clark,Male,,3488,02/08/81,Master,Programmer
1011,Emma,Jones,Female,29,3247,29/08/1979,Lower secondary,Botanist
1012,George,Morrison,Male,28,2212,02/07/81,Upper secondary,Insurer
1013,Kellan,Thompson,Male,24,6133,29/08/1978,Lower secondary,Veterinarian
1014,Adison,Crawford,Male,22,7316,02/08/81,Upper secondary,Scientist
1015,Samantha,Alexander,Female,21,4726,29/08/1979,Primary,Driver
1016,Alen,Alexander,Male,22,9298,02/09/81,Doctoral,Actor
1017,Roman,Perry,Male,23,6434,29/08/1980,Doctoral,Interpreter
1018,Daryl,Martin,Male,28,8966,02/08/81,Lower secondary,Astronomer
1019,John,Mason,Male,25,2237,29/08/1979,Bachelor,Salesman
1020,Albert,Parker,Male,25,1760,02/09/81,Upper secondary,Graphic Designer
1021,Garry,Watson,Male,21,2699,29/08/1980,Bachelor,Lecturer
1022,Melanie,Johnson,Female,28,4965,02/10/81,Primary,Biochemist
1023,Wilson,Barrett,Male,19,2475,29/08/1981,Lower secondary,Insurer
1024,Aida,Jones,Female,25,3043,02/09/81,Bachelor,Salesman
1025,Tony,Barnes,Male,29,9340,29/08/1980,Upper secondary,Chemist
1026,Amelia,West,Female,24,9016,02/10/81,Lower secondary,Engineer
1027,Jasmine,Watson,Female,22,8864,29/08/1981,Bachelor,Driver
1028,Haris,Davis,Male,26,6264,02/11/81,Bachelor,Biochemist
1029,Melissa,Cameron,Female,27,2544,29/08/1982,Bachelor,Insurer
1030,Amanda,Cunningham,Female,,6602,02/10/81,Bachelor,Chef
1031,Sarah,Walker,Female,19,9075,29/08/1981,Doctoral,Economist
1032,Maximilian,Russell,Male,19,3630,02/11/81,Lower secondary,Journalist
1033,Aida,Cooper,Female,29,3944,29/08/1982,Lower secondary,Economist
1034,Agata,Holmes,Female,26,4080,02/12/81,Bachelor,Actor
1035,Victor,Harrison,Male,18,2876,29/08/1983,Lower secondary,Medic
1036,Elise,Smith,Female,19,3478,02/11/81,Primary,Fine Artist
1037,Deanna,Richardson,Female,22,6724,29/08/1982,Master,Accountant
1038,Steven,Higgins,Male,24,1353,02/12/81,Master,Biochemist
1039,Daniel,Edwards,Male,23,7217,29/08/1983,Bachelor,Meteorologist
1040,Kelsey,Robinson,Female,20,2567,02/13/81,Lower secondary,Fashion Designer
1041,Alina,Harper,Female,25,1717,29/08/1984,Lower secondary,Economist
1042,Stuart,Dixon,Male,21,3602,02/12/81,Primary,Botanist
1043,Rosie,Morgan,Female,22,3039,29/08/1983,Primary,Actor
1044,Chloe,Edwards,Female,30,2641,02/13/81,Lower secondary,Singer
1045,Alan,Kelley,Male,28,628,29/08/1984,Lower secondary,Astronomer
1046,Aida,Foster,Female,19,686,02/14/81,Primary,Journalist
1047,Valeria,Bennett,Female,19,1108,29/08/1985,Master,Composer
1048,Oscar,Brown,Male,21,1910,02/13/81,Master,Auditor
1049,Belinda,Cole,Female,20,8172,29/08/1984,Primary,Mathematician
1050,Oscar,West,Male,19,3286,02/14/81,Bachelor,Biochemist
1051,Olivia,Casey,Female,21,8314,29/08/1985,Master,Police Officer
1052,Nicole,Ferguson,Female,26,653,02/15/81,Lower secondary,Astronomer
1053,Maximilian,Clark,Male,19,6858,29/08/1986,Bachelor,Chef
1054,Vanessa,Cunningham,Female,25,7380,02/14/81,Lower secondary,Social Worker
1055,Abraham,Cameron,Male,24,5386,29/08/1985,Master,Architect
1056,Natalie,Wilson,Female,28,9811,02/15/81,Lower secondary,Actor
1057,Vincent,Wright,Male,18,5068,29/08/1986,Master,Aeroplane Pilot
1058,Charlotte,Johnson,Female,21,3004,02/16/81,Upper secondary,Scientist
1059,Lucia,Kelly,Female,26,6552,29/08/1987,Master,Aeroplane Pilot
1060,Sawyer,Brown,Male,,6721,02/15/81,Lower secondary,Veterinarian
1061,Aida,Brown,Female,19,6278,29/08/1986,Doctoral,Insurer
1062,Nicole,Hill,Female,27,2596,02/16/81,Doctoral,Geologist
1063,Ryan,Murray,Male,19,1091,29/08/1987,Master,Chemist
1064,Sydney,Allen,Female,21,3538,02/17/81,Doctoral,Engineer
1065,Ned,Sullivan,Male,29,2329,29/08/1988,Master,Carpenter
1066,Savana,Hall,Female,28,8326,02/16/81,Doctoral,Architect
1067,Melissa,Craig,Female,28,5984,29/08/1987,Upper secondary,Insurer
1068,Charlie,Carter,Male,24,9184,02/17/81,Master,Actor
1069,Lenny,Moore,Male,26,8099,29/08/1988,Primary,Programmer
1070,Sam,Nelson,Male,27,906,02/18/81,Bachelor,Florist
1071,Sofia,Dixon,Female,24,6676,29/08/1989,Doctoral,Interior Designer
1072,Audrey,Alexander,Female,21,6381,02/17/81,Doctoral,Driver
1073,Caroline,Dixon,Female,24,7345,29/08/1988,Primary,Teacher
1074,Arianna,Carroll,Female,27,5026,02/18/81,Master,Engineer
1075,Adison,Henderson,Male,18,2323,29/08/1989,Bachelor,Firefighter
1076,Adam,Watson,Male,28,4643,02/19/81,Upper secondary,Journalist
1077,Max,Craig,Male,18,4656,29/08/1990,Master,Lawer
1078,Dominik,Warren,Male,18,6757,02/18/81,Lower secondary,Jeweller
1079,Chelsea,Allen,Female,26,5156,29/08/1989,Lower secondary,Biochemist
1080,Garry,Cooper,Male,24,5336,02/19/81,Bachelor,Social Worker
1081,Kellan,Murray,Male,26,4953,29/08/1990,Doctoral,Auditor
1082,Jenna,Jones,Female,19,4499,02/20/81,Master,Social Worker
1083,Myra,Brown,Female,19,3536,29/08/1991,Master,Social Worker
1084,Brianna,Johnston,Female,20,5996,02/19/81,Bachelor,Engineer
1085,Haris,Murray,Male,25,8416,29/08/1990,Doctoral,Programmer
1086,Madaline,Taylor,Female,30,8215,02/20/81,Master,Programmer
1087,Wilson,Ellis,Male,28,3624,29/08/1991,Lower secondary,Actor
1088,Edwin,Montgomery,Male,26,1431,02/21/81,Upper secondary,Chef
1089,Ted,Barnes,Male,29,6450,29/08/1992,Primary,Photographer
1090,Connie,Hamilton,Female,18,7526,02/20/81,Doctoral,Architect
1091,Arthur,Foster,Male,23,7015,29/08/1991,Doctoral,Driver
1092,Jared,Bennett,Male,23,7346,02/21/81,Upper secondary,Insurer
1093,Abraham,Evans,Mile,25,5141,29/08/1992,Doctoral,Economist
1094,Amanda,Ellis,Female,19,3364,02/22/81,Lower secondary,Insurer
1095,Tess,Dixon,Female,21,4818,29/08/1993,Master,Auditor
1096,Naomi,Alexander,Female,24,5531,02/21/81,Master,Astronomer
1097,Sawyer,Sullivan,Male,29,9634,29/08/1992,Doctoral,Social Worker
1098,Brianna,Brooks,Female,24,9022,02/22/81,Primary,Police Officer
1099,Daniel,Wells,Male,26,2154,29/08/1993,Doctoral,Meteorologist
